id,updated_at,날짜,메모,잠금
fb821cd2-d6cf-43ed-b3d2-a71f3ff6a4b1,2026-03-19T22:07:34,2026-03-01,,False
5422e356-83fe-4b3b-a459-bf8d43ed43aa,2026-03-19T22:07:34,2026-03-02,,False
3f9aadcc-88df-42f1-b5b0-6aa738d35318,2026-03-19T22:07:35,2026-03-03,,False
82306504-22c2-4f24-a1cf-310a59d818e5,2026-03-19T22:07:35,2026-03-04,,False
db443bae-30be-4da5-a0ed-bb6632979e04,2026-03-19T22:07:35,2026-03-05,,False
e8460ef9-ddcd-4f46-8e9a-4f44ea914140,2026-03-19T22:07:35,2026-03-06,,False
43cea3f9-5d82-413d-9273-3adbe262b363,2026-03-19T22:07:35,2026-03-07,,False
b4ee976c-19bb-458e-a919-6802c79e8b13,2026-03-19T22:07:35,2026-03-08,,False
045febb1-db83-4ac4-b29b-f801ec7a6c57,2026-03-19T22:07:35,2026-03-09,,False
da69b484-ffd0-409a-800e-b497b15046ab,2026-03-19T22:07:35,2026-03-10,,False
b498b0e1-b706-4c3f-b387-13e8d1d1cb13,2026-03-19T22:07:35,2026-03-11,,False
5581466b-0d78-44ec-8543-bb57f2b83109,2026-03-19T22:07:35,2026-03-12,,False
f98254ff-4f8e-4cdc-94af-983e027eb84f,2026-03-19T22:07:35,2026-03-13,,False
c3c7353d-4918-4308-95f8-f18896beb337,2026-03-19T22:07:35,2026-03-14,,False
99781b81-7b01-4669-a39d-cfb95e7d4056,2026-03-19T22:07:35,2026-03-15,,False
1983b4f6-0933-451b-b5f1-3d3310f67d3e,2026-03-19T22:07:35,2026-03-16,,False
de76be54-6270-449c-ac44-375498f8c2fe,2026-03-19T22:07:35,2026-03-17,,False
06274ebd-7854-463d-a64a-1df05aea5d3f,2026-03-19T22:07:35,2026-03-18,,False
439082d4-02ad-42b4-b001-009a9b507a89,2026-03-19T22:07:35,2026-03-19,,False
80e400be-e846-4d13-b35d-52b5e6bb36c2,2026-03-19T22:07:35,2026-03-20,,False
af1f1a0b-d22e-46cf-8020-b72cf31ca056,2026-03-19T22:07:35,2026-03-21,,False
c4a5bc6a-67c1-408b-8d76-5ddf9e8044f5,2026-03-19T22:07:35,2026-03-22,,False
aa9ec3ee-9bd0-4e39-b0e3-baac5945a729,2026-03-19T22:07:35,2026-03-23,,False
26490726-2495-496b-9863-934c32b8b4c8,2026-03-19T22:07:35,2026-03-24,,False
ba599ef8-6fc1-4aa8-8f12-264293ae505a,2026-03-19T22:07:35,2026-03-25,,False
5a7b8a29-9a97-4aac-8896-806906287392,2026-03-19T22:07:35,2026-03-26,,False
24be9c0b-15ae-49e5-8c56-d9b331bfcadb,2026-03-19T22:07:35,2026-03-27,,False
147a72ce-bf29-471b-845e-7e04d77a05be,2026-03-19T22:07:35,2026-03-28,,False
3b3d44b6-9691-41b7-a787-381ecfe4d59b,2026-03-19T22:07:35,2026-03-29,,False
ca89f116-b33b-4072-bd68-becf301585be,2026-03-19T22:07:35,2026-03-30,,False
1d1910bb-57e5-4a74-a604-df0af969b623,2026-03-19T22:07:35,2026-03-31,,False
